{"cameraMode":{"drawMode":0,"name":"Shaded","section":"Shading Mode"},"sceneLighting":false,"audioPlay":false,"sceneViewState":{"m_AlwaysRefresh":false,"showFog":true,"showSkybox":false,"showFlares":true,"showImageEffects":true,"showParticleSystems":true,"showVisualEffectGraphs":true,"m_FxEnabled":true},"in2DMode":false,"pivot":{"x":0.032225608825683597,"y":4.866784572601318,"z":0.16722404956817628},"rotation":{"x":0.031031770631670953,"y":0.9663011431694031,"z":-0.14042352139949799,"w":0.21353457868099214},"size":6.17375373840332,"orthographic":false}